,State,Industry,2012_#Companies,2013_#Companies,2014_#Companies,2015_#Companies,2016_#Companies
0,Alabama,"Agriculture, Forestry, Fishing and Hunting",770,780,782,775,796
1,Alabama,"Mining, Quarrying, and Oil and Gas Extraction",204,189,180,171,160
2,Alabama,Utilities,111,111,111,110,110
3,Alabama,Construction,7347,7221,7146,7184,7292
4,Alabama,Manufacturing,3865,3781,3761,3749,3703
5,Alabama,Wholesale Trade,4250,4208,4138,4098,4009
6,Alabama,Retail Trade,11163,11041,10928,10922,10941
7,Alabama,Transportation and Warehousing,2395,2401,2428,2433,2451
8,Alabama,Information,753,721,718,721,753
9,Alabama,Finance and Insurance,3139,3125,3133,3136,3136
10,Alabama,Real Estate and Rental and Leasing,2875,2899,2929,2968,3082
11,Alabama,"Professional, Scientific, and Technical Services",8280,8294,8265,8327,8331
12,Alabama,Management of Companies and Enterprises,452,449,452,459,458
13,Alabama,Administrative and Support and Waste Management and Remediation Services,3580,3607,3587,3640,3732
14,Alabama,Educational Services,779,784,788,800,817
15,Alabama,Health Care and Social Assistance,7994,8001,7997,7957,7952
16,Alabama,"Arts, Entertainment, and Recreation",1018,1020,1025,1026,1077
17,Alabama,Accommodation and Food Services,5661,5699,5706,5812,5988
18,Alabama,Other Services (except Public Administration),10186,10145,10126,10132,10226
19,Alabama,Industries not classified,68,118,164,204,184
20,Alaska,"Agriculture, Forestry, Fishing and Hunting",397,432,439,443,453
21,Alaska,"Mining, Quarrying, and Oil and Gas Extraction",154,140,146,146,138
22,Alaska,Utilities,58,60,60,58,58
23,Alaska,Construction,2347,2354,2418,2449,2446
24,Alaska,Manufacturing,457,454,455,448,445
25,Alaska,Wholesale Trade,551,554,542,527,520
26,Alaska,Retail Trade,1864,1865,1851,1861,1855
27,Alaska,Transportation and Warehousing,844,834,865,870,881
28,Alaska,Information,199,204,200,206,210
29,Alaska,Finance and Insurance,404,412,430,422,432
30,Alaska,Real Estate and Rental and Leasing,784,776,800,813,828
31,Alaska,"Professional, Scientific, and Technical Services",1718,1729,1709,1698,1737
32,Alaska,Management of Companies and Enterprises,108,114,124,133,135
33,Alaska,Administrative and Support and Waste Management and Remediation Services,975,984,971,968,952
34,Alaska,Educational Services,228,236,226,240,238
35,Alaska,Health Care and Social Assistance,1971,1982,2014,2045,2084
36,Alaska,"Arts, Entertainment, and Recreation",522,512,513,533,539
37,Alaska,Accommodation and Food Services,1787,1793,1797,1828,1837
38,Alaska,Other Services (except Public Administration),1696,1687,1683,1669,1681
39,Alaska,Industries not classified,16,30,42,44,40
40,Arizona,"Agriculture, Forestry, Fishing and Hunting",191,190,190,199,208
41,Arizona,"Mining, Quarrying, and Oil and Gas Extraction",188,187,183,180,165
42,Arizona,Utilities,153,155,153,155,156
43,Arizona,Construction,10978,11135,11292,11464,11762
44,Arizona,Manufacturing,4032,3999,3990,4021,4038
45,Arizona,Wholesale Trade,5457,5351,5349,5280,5181
46,Arizona,Retail Trade,9700,9843,9881,9921,9883
47,Arizona,Transportation and Warehousing,2624,2674,2699,2797,2806
48,Arizona,Information,1253,1263,1288,1310,1342
49,Arizona,Finance and Insurance,4859,4875,4983,5061,5156
50,Arizona,Real Estate and Rental and Leasing,6471,6685,6760,7035,7421
51,Arizona,"Professional, Scientific, and Technical Services",15121,15317,15470,15824,16181
52,Arizona,Management of Companies and Enterprises,606,610,642,671,662
53,Arizona,Administrative and Support and Waste Management and Remediation Services,7044,7066,7109,7151,7229
54,Arizona,Educational Services,1737,1749,1768,1825,1875
55,Arizona,Health Care and Social Assistance,13150,13234,13317,13536,13709
56,Arizona,"Arts, Entertainment, and Recreation",1534,1549,1571,1608,1678
57,Arizona,Accommodation and Food Services,7929,8159,8249,8416,8688
58,Arizona,Other Services (except Public Administration),9618,9627,9743,9856,10106
59,Arizona,Industries not classified,97,182,236,286,289
60,Arkansas,"Agriculture, Forestry, Fishing and Hunting",619,626,621,618,620
61,Arkansas,"Mining, Quarrying, and Oil and Gas Extraction",354,350,349,343,302
62,Arkansas,Utilities,140,139,137,139,137
63,Arkansas,Construction,5195,5124,5079,5149,5246
64,Arkansas,Manufacturing,2381,2317,2318,2310,2276
65,Arkansas,Wholesale Trade,2779,2750,2687,2671,2618
66,Arkansas,Retail Trade,7041,6996,6891,6864,6762
67,Arkansas,Transportation and Warehousing,2013,2008,1996,1985,1990
68,Arkansas,Information,498,486,491,488,512
69,Arkansas,Finance and Insurance,2383,2397,2405,2433,2470
70,Arkansas,Real Estate and Rental and Leasing,2265,2293,2288,2323,2359
71,Arkansas,"Professional, Scientific, and Technical Services",5307,5366,5409,5476,5407
72,Arkansas,Management of Companies and Enterprises,315,313,310,318,308
73,Arkansas,Administrative and Support and Waste Management and Remediation Services,2304,2302,2274,2310,2345
74,Arkansas,Educational Services,526,540,555,563,571
75,Arkansas,Health Care and Social Assistance,5803,5821,5834,5828,5841
76,Arkansas,"Arts, Entertainment, and Recreation",772,797,790,786,786
77,Arkansas,Accommodation and Food Services,4182,4158,4156,4266,4381
78,Arkansas,Other Services (except Public Administration),6323,6282,6264,6271,6306
79,Arkansas,Industries not classified,56,86,123,144,116
80,California,"Agriculture, Forestry, Fishing and Hunting",1894,1864,1815,1834,1863
81,California,"Mining, Quarrying, and Oil and Gas Extraction",639,623,634,608,558
82,California,Utilities,517,507,513,518,530
83,California,Construction,64810,65268,66627,68876,70920
84,California,Manufacturing,36331,35756,35876,36117,35680
85,California,Wholesale Trade,51424,51283,51487,51577,51182
86,California,Retail Trade,68179,68785,69264,69931,70109
87,California,Transportation and Warehousing,17254,17493,18110,18990,19692
88,California,Information,15088,15364,15755,16372,16689
89,California,Finance and Insurance,27520,27726,28193,28747,29080
90,California,Real Estate and Rental and Leasing,38474,39417,40422,41652,42951
91,California,"Professional, Scientific, and Technical Services",106924,109182,111545,113538,115672
92,California,Management of Companies and Enterprises,3155,3145,3192,3215,3221
93,California,Administrative and Support and Waste Management and Remediation Services,35887,36075,36239,36820,37479
94,California,Educational Services,11235,11565,11952,12307,12571
95,California,Health Care and Social Assistance,87210,88055,89312,90733,91606
96,California,"Arts, Entertainment, and Recreation",19831,20331,21258,22423,23461
97,California,Accommodation and Food Services,58931,60399,62089,63912,65578
98,California,Other Services (except Public Administration),63563,64338,65359,66588,67959
99,California,Industries not classified,1045,1748,2666,3345,2946
100,Colorado,"Agriculture, Forestry, Fishing and Hunting",314,314,310,329,322
101,Colorado,"Mining, Quarrying, and Oil and Gas Extraction",1218,1185,1228,1201,1087
102,Colorado,Utilities,207,198,209,204,201
103,Colorado,Construction,15522,15735,16232,16921,17563
104,Colorado,Manufacturing,4707,4672,4752,4834,4814
105,Colorado,Wholesale Trade,6038,5964,5931,5918,5881
106,Colorado,Retail Trade,12116,12209,12230,12342,12382
107,Colorado,Transportation and Warehousing,2952,2988,3117,3271,3216
108,Colorado,Information,1874,1942,1926,1960,2042
109,Colorado,Finance and Insurance,6005,6023,6070,6144,6280
110,Colorado,Real Estate and Rental and Leasing,7843,8161,8579,9144,9646
111,Colorado,"Professional, Scientific, and Technical Services",22627,22870,23264,23869,24130
112,Colorado,Management of Companies and Enterprises,691,694,715,709,703
113,Colorado,Administrative and Support and Waste Management and Remediation Services,7488,7589,7741,7793,7893
114,Colorado,Educational Services,2204,2304,2357,2373,2468
115,Colorado,Health Care and Social Assistance,12397,12480,12631,12837,13088
116,Colorado,"Arts, Entertainment, and Recreation",2344,2391,2512,2624,2715
117,Colorado,Accommodation and Food Services,9604,9714,9853,10021,10241
118,Colorado,Other Services (except Public Administration),11929,12145,12465,12833,13120
119,Colorado,Industries not classified,101,215,292,318,280
120,Connecticut,"Agriculture, Forestry, Fishing and Hunting",85,83,72,72,78
121,Connecticut,"Mining, Quarrying, and Oil and Gas Extraction",51,50,49,52,49
122,Connecticut,Utilities,68,57,61,61,58
123,Connecticut,Construction,7830,7864,7807,7917,7923
124,Connecticut,Manufacturing,4152,4068,4011,3942,3876
125,Connecticut,Wholesale Trade,3778,3751,3723,3684,3611
126,Connecticut,Retail Trade,8666,8630,8580,8540,8459
127,Connecticut,Transportation and Warehousing,1320,1325,1318,1375,1336
128,Connecticut,Information,980,999,1050,1008,999
129,Connecticut,Finance and Insurance,3499,3478,3462,3432,3398
130,Connecticut,Real Estate and Rental and Leasing,2405,2421,2420,2431,2429
131,Connecticut,"Professional, Scientific, and Technical Services",8622,8652,8562,8581,8475
132,Connecticut,Management of Companies and Enterprises,510,491,492,491,494
133,Connecticut,Administrative and Support and Waste Management and Remediation Services,4749,4748,4713,4749,4762
134,Connecticut,Educational Services,1275,1308,1329,1353,1359
135,Connecticut,Health Care and Social Assistance,7466,7464,7457,7408,7374
136,Connecticut,"Arts, Entertainment, and Recreation",1486,1478,1515,1544,1556
137,Connecticut,Accommodation and Food Services,6880,7015,7058,7120,7202
138,Connecticut,Other Services (except Public Administration),8729,8747,8735,8893,8943
139,Connecticut,Industries not classified,66,114,158,199,156
140,Delaware,"Agriculture, Forestry, Fishing and Hunting",44,42,36,38,33
141,Delaware,"Mining, Quarrying, and Oil and Gas Extraction",11,11,14,10,13
142,Delaware,Utilities,20,23,30,27,23
143,Delaware,Construction,2133,2166,2160,2179,2214
144,Delaware,Manufacturing,537,531,558,559,538
145,Delaware,Wholesale Trade,918,935,957,997,1033
146,Delaware,Retail Trade,2486,2479,2464,2481,2489
147,Delaware,Transportation and Warehousing,587,592,588,628,635
148,Delaware,Information,237,277,317,343,362
149,Delaware,Finance and Insurance,1116,1139,1172,1167,1187
150,Delaware,Real Estate and Rental and Leasing,891,916,934,991,1027
151,Delaware,"Professional, Scientific, and Technical Services",2392,2484,2553,2670,2774
152,Delaware,Management of Companies and Enterprises,766,714,671,630,587
153,Delaware,Administrative and Support and Waste Management and Remediation Services,1271,1266,1263,1298,1348
154,Delaware,Educational Services,271,287,285,301,311
155,Delaware,Health Care and Social Assistance,1839,1871,1863,1886,1893
156,Delaware,"Arts, Entertainment, and Recreation",381,380,402,405,409
157,Delaware,Accommodation and Food Services,1627,1664,1654,1748,1779
158,Delaware,Other Services (except Public Administration),2017,2049,2062,2064,2100
159,Delaware,Industries not classified,26,31,38,50,52
160,District of Columbia,"Mining, Quarrying, and Oil and Gas Extraction",3,4,6,5,2
161,District of Columbia,Utilities,33,32,31,31,31
162,District of Columbia,Construction,421,442,445,455,445
163,District of Columbia,Manufacturing,112,100,96,99,111
164,District of Columbia,Wholesale Trade,335,340,325,341,337
165,District of Columbia,Retail Trade,1404,1387,1399,1401,1415
166,District of Columbia,Transportation and Warehousing,170,140,146,153,152
167,District of Columbia,Information,494,479,489,522,544
168,District of Columbia,Finance and Insurance,538,518,528,534,535
169,District of Columbia,Real Estate and Rental and Leasing,741,766,772,783,792
170,District of Columbia,"Professional, Scientific, and Technical Services",4286,4345,4407,4604,4663
171,District of Columbia,Management of Companies and Enterprises,150,156,159,163,164
172,District of Columbia,Administrative and Support and Waste Management and Remediation Services,794,772,759,768,795
173,District of Columbia,Educational Services,484,502,504,540,555
174,District of Columbia,Health Care and Social Assistance,1717,1732,1742,1730,1731
175,District of Columbia,"Arts, Entertainment, and Recreation",276,289,287,293,303
176,District of Columbia,Accommodation and Food Services,1778,1841,1897,1926,2002
177,District of Columbia,Other Services (except Public Administration),3643,3686,3678,3678,3736
178,District of Columbia,Industries not classified,38,56,82,96,84
179,Florida,"Agriculture, Forestry, Fishing and Hunting",975,966,976,997,1041
180,Florida,"Mining, Quarrying, and Oil and Gas Extraction",214,223,229,212,198
181,Florida,Utilities,288,286,291,302,312
182,Florida,Construction,43252,44454,46030,48127,50219
183,Florida,Manufacturing,12162,12003,12176,12367,12551
184,Florida,Wholesale Trade,27635,27530,27340,27096,26866
185,Florida,Retail Trade,44921,46146,46763,47860,48012
186,Florida,Transportation and Warehousing,11621,11824,12105,12693,13020
187,Florida,Information,4801,4856,4856,4956,5095
188,Florida,Finance and Insurance,17312,17440,17639,17820,17997
189,Florida,Real Estate and Rental and Leasing,24149,25571,26922,28526,29672
190,Florida,"Professional, Scientific, and Technical Services",66567,67895,69571,71565,73264
191,Florida,Management of Companies and Enterprises,1569,1584,1633,1632,1640
192,Florida,Administrative and Support and Waste Management and Remediation Services,29633,29930,30141,30833,31706
193,Florida,Educational Services,5672,5846,5945,6119,6336
194,Florida,Health Care and Social Assistance,46437,46639,46700,46975,47599
195,Florida,"Arts, Entertainment, and Recreation",7064,7241,7372,7694,7969
196,Florida,Accommodation and Food Services,27709,28397,28669,29661,30499
197,Florida,Other Services (except Public Administration),40763,41435,42156,43051,44055
198,Florida,Industries not classified,280,475,652,742,736
199,Georgia,"Agriculture, Forestry, Fishing and Hunting",925,920,912,931,948
200,Georgia,"Mining, Quarrying, and Oil and Gas Extraction",116,119,119,129,117
201,Georgia,Utilities,133,134,133,133,138
202,Georgia,Construction,15722,15889,16150,16733,17216
203,Georgia,Manufacturing,6614,6499,6527,6593,6600
204,Georgia,Wholesale Trade,11088,10943,10900,10780,10755
205,Georgia,Retail Trade,20895,20937,20976,21166,21203
206,Georgia,Transportation and Warehousing,4883,4973,5094,5295,5447
207,Georgia,Information,2190,2203,2240,2334,2419
208,Georgia,Finance and Insurance,7505,7636,7760,7840,7882
209,Georgia,Real Estate and Rental and Leasing,7691,7914,8231,8627,9032
210,Georgia,"Professional, Scientific, and Technical Services",26435,26442,26678,27203,27341
211,Georgia,Management of Companies and Enterprises,1059,1037,1038,1040,1064
212,Georgia,Administrative and Support and Waste Management and Remediation Services,10015,10000,10037,10261,10445
213,Georgia,Educational Services,2588,2617,2654,2735,2810
214,Georgia,Health Care and Social Assistance,18046,18218,18256,18445,18653
215,Georgia,"Arts, Entertainment, and Recreation",2537,2543,2691,2813,2940
216,Georgia,Accommodation and Food Services,13496,13719,13998,14292,14711
217,Georgia,Other Services (except Public Administration),19062,19218,19342,19495,19807
218,Georgia,Industries not classified,172,302,379,482,397
219,Hawaii,"Agriculture, Forestry, Fishing and Hunting",34,33,29,33,33
220,Hawaii,"Mining, Quarrying, and Oil and Gas Extraction",7,7,8,9,7
221,Hawaii,Utilities,23,27,25,27,27
222,Hawaii,Construction,2599,2643,2695,2730,2825
223,Hawaii,Manufacturing,764,748,740,741,753
224,Hawaii,Wholesale Trade,1498,1484,1432,1412,1396
225,Hawaii,Retail Trade,2872,2897,2819,2758,2732
226,Hawaii,Transportation and Warehousing,670,676,688,700,712
227,Hawaii,Information,315,313,308,308,310
228,Hawaii,Finance and Insurance,786,780,772,773,771
229,Hawaii,Real Estate and Rental and Leasing,1589,1580,1583,1571,1599
230,Hawaii,"Professional, Scientific, and Technical Services",2909,2898,2878,2938,2925
231,Hawaii,Management of Companies and Enterprises,186,189,195,192,194
232,Hawaii,Administrative and Support and Waste Management and Remediation Services,1559,1555,1557,1595,1602
233,Hawaii,Educational Services,474,482,474,474,494
234,Hawaii,Health Care and Social Assistance,2896,2876,2904,2907,2876
235,Hawaii,"Arts, Entertainment, and Recreation",461,483,495,472,483
236,Hawaii,Accommodation and Food Services,2764,2791,2821,2865,2975
237,Hawaii,Other Services (except Public Administration),3049,3084,3097,3115,3113
238,Hawaii,Industries not classified,16,25,39,43,48
239,Idaho,"Agriculture, Forestry, Fishing and Hunting",441,442,441,443,470
240,Idaho,"Mining, Quarrying, and Oil and Gas Extraction",118,116,122,104,104
241,Idaho,Utilities,113,115,117,115,117
242,Idaho,Construction,5627,5810,5927,6152,6410
243,Idaho,Manufacturing,1688,1660,1678,1675,1714
244,Idaho,Wholesale Trade,1597,1588,1595,1591,1610
245,Idaho,Retail Trade,3951,3907,3925,4029,4120
246,Idaho,Transportation and Warehousing,1615,1622,1610,1633,1640
247,Idaho,Information,436,447,456,444,468
248,Idaho,Finance and Insurance,1529,1517,1530,1547,1564
249,Idaho,Real Estate and Rental and Leasing,1795,1871,1937,2014,2145
250,Idaho,"Professional, Scientific, and Technical Services",4000,3969,4096,4224,4282
251,Idaho,Management of Companies and Enterprises,183,186,192,186,185
252,Idaho,Administrative and Support and Waste Management and Remediation Services,2066,2074,2093,2148,2205
253,Idaho,Educational Services,419,435,440,461,464
254,Idaho,Health Care and Social Assistance,4204,4268,4312,4335,4413
255,Idaho,"Arts, Entertainment, and Recreation",704,716,718,743,765
256,Idaho,Accommodation and Food Services,2857,2829,2837,2885,2922
257,Idaho,Other Services (except Public Administration),3064,3073,3177,3190,3245
258,Idaho,Industries not classified,37,56,77,82,86
259,Illinois,"Agriculture, Forestry, Fishing and Hunting",313,320,299,306,317
260,Illinois,"Mining, Quarrying, and Oil and Gas Extraction",484,482,483,467,437
261,Illinois,Utilities,169,177,175,178,178
262,Illinois,Construction,27895,27890,28086,28474,28703
263,Illinois,Manufacturing,12853,12592,12507,12453,12317
264,Illinois,Wholesale Trade,15999,15831,15541,15185,14974
265,Illinois,Retail Trade,24711,24541,24028,23981,23678
266,Illinois,Transportation and Warehousing,11789,12196,12971,13827,14201
267,Illinois,Information,2992,3030,3069,3122,3160
268,Illinois,Finance and Insurance,12572,12458,12339,12329,12262
269,Illinois,Real Estate and Rental and Leasing,9548,9760,9880,10083,10232
270,Illinois,"Professional, Scientific, and Technical Services",36625,36663,36808,36838,36650
271,Illinois,Management of Companies and Enterprises,1456,1462,1497,1495,1490
272,Illinois,Administrative and Support and Waste Management and Remediation Services,14777,14645,14615,14686,14651
273,Illinois,Educational Services,3699,3762,3869,3908,3950
274,Illinois,Health Care and Social Assistance,26314,26362,26216,26152,26056
275,Illinois,"Arts, Entertainment, and Recreation",4198,4255,4269,4366,4522
276,Illinois,Accommodation and Food Services,20740,21048,21076,21475,21826
277,Illinois,Other Services (except Public Administration),29386,29463,29439,29672,29999
278,Illinois,Industries not classified,157,321,445,525,482
279,Indiana,"Agriculture, Forestry, Fishing and Hunting",254,255,241,245,248
280,Indiana,"Mining, Quarrying, and Oil and Gas Extraction",193,186,182,166,165
281,Indiana,Utilities,188,187,180,186,185
282,Indiana,Construction,12901,12839,12808,12870,12969
283,Indiana,Manufacturing,7283,7190,7163,7102,7099
284,Indiana,Wholesale Trade,6179,6102,5997,5977,5955
285,Indiana,Retail Trade,12500,12390,12290,12217,12046
286,Indiana,Transportation and Warehousing,4401,4390,4447,4531,4531
287,Indiana,Information,1053,1041,1046,1043,1036
288,Indiana,Finance and Insurance,4791,4735,4748,4750,4753
289,Indiana,Real Estate and Rental and Leasing,4255,4404,4482,4583,4651
290,Indiana,"Professional, Scientific, and Technical Services",11906,11795,11845,11874,11864
291,Indiana,Management of Companies and Enterprises,634,623,633,631,635
292,Indiana,Administrative and Support and Waste Management and Remediation Services,6208,6184,6159,6203,6236
293,Indiana,Educational Services,1451,1451,1479,1513,1533
294,Indiana,Health Care and Social Assistance,10368,10220,10108,10122,10076
295,Indiana,"Arts, Entertainment, and Recreation",1991,2005,1983,2003,2044
296,Indiana,Accommodation and Food Services,9266,9306,9267,9323,9484
297,Indiana,Other Services (except Public Administration),15155,15041,14979,14915,14881
298,Indiana,Industries not classified,61,120,188,200,183
299,Iowa,"Agriculture, Forestry, Fishing and Hunting",281,308,298,303,307
300,Iowa,"Mining, Quarrying, and Oil and Gas Extraction",66,66,72,71,73
301,Iowa,Utilities,91,92,90,91,89
302,Iowa,Construction,8398,8334,8357,8438,8501
303,Iowa,Manufacturing,3107,3040,3041,3043,2986
304,Iowa,Wholesale Trade,3434,3384,3369,3388,3361
305,Iowa,Retail Trade,7639,7541,7420,7288,7155
306,Iowa,Transportation and Warehousing,3113,3109,3148,3144,3152
307,Iowa,Information,867,852,845,850,848
308,Iowa,Finance and Insurance,3537,3527,3576,3555,3527
309,Iowa,Real Estate and Rental and Leasing,2205,2214,2279,2319,2367
310,Iowa,"Professional, Scientific, and Technical Services",5782,5775,5751,5786,5825
311,Iowa,Management of Companies and Enterprises,391,393,395,403,388
312,Iowa,Administrative and Support and Waste Management and Remediation Services,3151,3122,3146,3169,3233
313,Iowa,Educational Services,644,676,681,686,713
314,Iowa,Health Care and Social Assistance,5621,5587,5559,5593,5622
315,Iowa,"Arts, Entertainment, and Recreation",1412,1420,1414,1395,1394
316,Iowa,Accommodation and Food Services,5621,5647,5540,5553,5649
317,Iowa,Other Services (except Public Administration),8510,8484,8466,8504,8522
318,Iowa,Industries not classified,71,94,108,133,141
319,Kansas,"Agriculture, Forestry, Fishing and Hunting",204,208,194,192,181
320,Kansas,"Mining, Quarrying, and Oil and Gas Extraction",971,986,1027,992,923
321,Kansas,Utilities,69,67,65,69,69
322,Kansas,Construction,6651,6716,6836,6925,6900
323,Kansas,Manufacturing,2644,2602,2587,2573,2538
324,Kansas,Wholesale Trade,3339,3277,3245,3189,3178
325,Kansas,Retail Trade,7166,7033,6974,6847,6725
326,Kansas,Transportation and Warehousing,2108,2078,2087,2111,2119
327,Kansas,Information,724,705,711,727,734
328,Kansas,Finance and Insurance,3588,3565,3567,3595,3611
329,Kansas,Real Estate and Rental and Leasing,2376,2433,2511,2554,2610
330,Kansas,"Professional, Scientific, and Technical Services",6603,6593,6610,6571,6493
331,Kansas,Management of Companies and Enterprises,460,458,458,464,465
332,Kansas,Administrative and Support and Waste Management and Remediation Services,3134,3132,3202,3206,3260
333,Kansas,Educational Services,671,677,672,701,684
334,Kansas,Health Care and Social Assistance,5837,5754,5717,5917,5970
335,Kansas,"Arts, Entertainment, and Recreation",954,963,970,976,1001
336,Kansas,Accommodation and Food Services,4284,4332,4295,4324,4348
337,Kansas,Other Services (except Public Administration),7440,7478,7474,7410,7402
338,Kansas,Industries not classified,64,127,139,169,148
339,Kentucky,"Agriculture, Forestry, Fishing and Hunting",216,221,224,224,233
340,Kentucky,"Mining, Quarrying, and Oil and Gas Extraction",446,427,419,391,338
341,Kentucky,Utilities,92,91,91,90,92
342,Kentucky,Construction,7142,7076,7028,6994,7131
343,Kentucky,Manufacturing,3362,3302,3329,3270,3258
344,Kentucky,Wholesale Trade,3480,3414,3347,3340,3304
345,Kentucky,Retail Trade,9416,9340,9254,9188,9130
346,Kentucky,Transportation and Warehousing,2429,2345,2322,2355,2295
347,Kentucky,Information,765,765,777,762,759
348,Kentucky,Finance and Insurance,3031,3049,3055,3036,3041
349,Kentucky,Real Estate and Rental and Leasing,2749,2830,2827,2870,2955
350,Kentucky,"Professional, Scientific, and Technical Services",7494,7528,7584,7616,7554
351,Kentucky,Management of Companies and Enterprises,454,462,459,464,457
352,Kentucky,Administrative and Support and Waste Management and Remediation Services,3350,3340,3352,3382,3391
353,Kentucky,Educational Services,767,766,775,779,784
354,Kentucky,Health Care and Social Assistance,8406,9058,9293,9245,9157
355,Kentucky,"Arts, Entertainment, and Recreation",1195,1209,1214,1258,1255
356,Kentucky,Accommodation and Food Services,5435,5509,5555,5623,5713
357,Kentucky,Other Services (except Public Administration),8618,8642,8601,8580,8661
358,Kentucky,Industries not classified,277,416,526,552,420
359,Louisiana,"Agriculture, Forestry, Fishing and Hunting",586,583,594,593,584
360,Louisiana,"Mining, Quarrying, and Oil and Gas Extraction",1364,1343,1389,1312,1187
361,Louisiana,Utilities,222,215,214,208,198
362,Louisiana,Construction,7795,7814,7745,7870,7968
363,Louisiana,Manufacturing,2997,2939,2947,2978,2893
364,Louisiana,Wholesale Trade,4319,4251,4172,4145,4093
365,Louisiana,Retail Trade,10672,10515,10410,10300,10223
366,Louisiana,Transportation and Warehousing,2940,2964,3001,3026,2967
367,Louisiana,Information,652,662,669,676,684
368,Louisiana,Finance and Insurance,3860,3874,3892,3899,3866
369,Louisiana,Real Estate and Rental and Leasing,3519,3594,3652,3697,3685
370,Louisiana,"Professional, Scientific, and Technical Services",10981,11157,11329,11163,10845
371,Louisiana,Management of Companies and Enterprises,470,468,476,492,488
372,Louisiana,Administrative and Support and Waste Management and Remediation Services,3983,4038,4084,4090,4055
373,Louisiana,Educational Services,1040,1071,1086,1133,1137
374,Louisiana,Health Care and Social Assistance,9756,9742,9649,9684,9772
375,Louisiana,"Arts, Entertainment, and Recreation",1298,1297,1320,1338,1354
376,Louisiana,Accommodation and Food Services,6730,6860,6902,7024,7141
377,Louisiana,Other Services (except Public Administration),8939,8905,8919,9061,9073
378,Louisiana,Industries not classified,77,126,154,155,138
379,Maine,"Agriculture, Forestry, Fishing and Hunting",788,806,828,890,901
380,Maine,"Mining, Quarrying, and Oil and Gas Extraction",24,23,19,20,21
381,Maine,Utilities,47,45,47,45,45
382,Maine,Construction,4730,4665,4707,4810,4917
383,Maine,Manufacturing,1570,1549,1574,1593,1600
384,Maine,Wholesale Trade,1344,1376,1351,1369,1346
385,Maine,Retail Trade,4494,4468,4393,4355,4318
386,Maine,Transportation and Warehousing,1071,1092,1104,1100,1126
387,Maine,Information,507,527,527,532,537
388,Maine,Finance and Insurance,904,894,897,902,891
389,Maine,Real Estate and Rental and Leasing,1424,1432,1436,1462,1549
390,Maine,"Professional, Scientific, and Technical Services",3327,3296,3296,3301,3314
391,Maine,Management of Companies and Enterprises,167,169,173,166,167
392,Maine,Administrative and Support and Waste Management and Remediation Services,1832,1869,1931,1975,2031
393,Maine,Educational Services,460,463,463,467,474
394,Maine,Health Care and Social Assistance,3096,3102,3064,3082,3051
395,Maine,"Arts, Entertainment, and Recreation",843,834,848,863,871
396,Maine,Accommodation and Food Services,3496,3596,3591,3633,3663
397,Maine,Other Services (except Public Administration),3420,3463,3454,3425,3499
398,Maine,Industries not classified,24,60,77,120,88
399,Maryland,"Agriculture, Forestry, Fishing and Hunting",182,183,190,194,204
400,Maryland,"Mining, Quarrying, and Oil and Gas Extraction",61,62,59,62,56
401,Maryland,Utilities,62,53,49,57,53
402,Maryland,Construction,13661,13653,13772,13854,13974
403,Maryland,Manufacturing,2939,2844,2860,2824,2799
404,Maryland,Wholesale Trade,4823,4783,4756,4659,4607
405,Maryland,Retail Trade,11405,11456,11335,11383,11285
406,Maryland,Transportation and Warehousing,2993,3033,3025,3100,3072
407,Maryland,Information,1328,1377,1398,1385,1393
408,Maryland,Finance and Insurance,4016,4056,4109,4140,4110
409,Maryland,Real Estate and Rental and Leasing,4275,4350,4429,4489,4633
410,Maryland,"Professional, Scientific, and Technical Services",17873,17997,18036,18137,18325
411,Maryland,Management of Companies and Enterprises,617,610,618,633,621
412,Maryland,Administrative and Support and Waste Management and Remediation Services,7086,7091,7176,7178,7272
413,Maryland,Educational Services,1885,1879,1921,1959,1992
414,Maryland,Health Care and Social Assistance,12323,12348,12313,12340,12372
415,Maryland,"Arts, Entertainment, and Recreation",1825,1861,1888,1884,1929
416,Maryland,Accommodation and Food Services,8891,9091,9052,9207,9265
417,Maryland,Other Services (except Public Administration),12603,12735,12729,12787,12875
418,Maryland,Industries not classified,79,184,292,330,252
419,Massachusetts,"Agriculture, Forestry, Fishing and Hunting",350,351,336,336,344
420,Massachusetts,"Mining, Quarrying, and Oil and Gas Extraction",68,66,66,62,61
421,Massachusetts,Utilities,91,90,91,89,95
422,Massachusetts,Construction,16628,16878,17255,17873,18555
423,Massachusetts,Manufacturing,6524,6419,6375,6269,6239
424,Massachusetts,Wholesale Trade,6995,6919,6780,6665,6537
425,Massachusetts,Retail Trade,16188,16106,16017,15995,15940
426,Massachusetts,Transportation and Warehousing,3110,3128,3201,3328,3422
427,Massachusetts,Information,2196,2232,2235,2202,2207
428,Massachusetts,Finance and Insurance,5221,5209,5237,5223,5147
429,Massachusetts,Real Estate and Rental and Leasing,4958,5043,5155,5356,5498
430,Massachusetts,"Professional, Scientific, and Technical Services",20273,20269,20204,20214,20291
431,Massachusetts,Management of Companies and Enterprises,798,772,764,783,795
432,Massachusetts,Administrative and Support and Waste Management and Remediation Services,8986,9060,9148,9310,9579
433,Massachusetts,Educational Services,2663,2755,2809,2908,2958
434,Massachusetts,Health Care and Social Assistance,12884,12863,12872,12853,12853
435,Massachusetts,"Arts, Entertainment, and Recreation",2867,2941,2990,3090,3135
436,Massachusetts,Accommodation and Food Services,13350,13625,13767,13880,13986
437,Massachusetts,Other Services (except Public Administration),15925,16200,16304,16483,16738
438,Massachusetts,Industries not classified,218,375,509,596,580
439,Michigan,"Agriculture, Forestry, Fishing and Hunting",531,536,531,570,583
440,Michigan,"Mining, Quarrying, and Oil and Gas Extraction",342,332,315,307,297
441,Michigan,Utilities,98,101,103,106,109
442,Michigan,Construction,17980,18053,18194,18411,18644
443,Michigan,Manufacturing,11466,11407,11338,11386,11281
444,Michigan,Wholesale Trade,9483,9345,9137,8978,8804
445,Michigan,Retail Trade,22610,22564,22443,22414,22214
446,Michigan,Transportation and Warehousing,4818,4890,5034,5254,5374
447,Michigan,Information,1711,1983,2264,2301,2383
448,Michigan,Finance and Insurance,6904,6891,6839,6782,6814
449,Michigan,Real Estate and Rental and Leasing,5896,5923,5875,5925,6004
450,Michigan,"Professional, Scientific, and Technical Services",20022,19951,19880,19784,19807
451,Michigan,Management of Companies and Enterprises,1046,1065,1049,1048,1046
452,Michigan,Administrative and Support and Waste Management and Remediation Services,9798,9865,10010,10085,9983
453,Michigan,Educational Services,2085,2072,2104,2104,2074
454,Michigan,Health Care and Social Assistance,20490,20270,20070,19814,19772
455,Michigan,"Arts, Entertainment, and Recreation",3255,3207,3210,3178,3246
456,Michigan,Accommodation and Food Services,14921,15034,15045,15166,15277
457,Michigan,Other Services (except Public Administration),21087,21149,21258,21328,21443
458,Michigan,Industries not classified,171,326,539,963,847
459,Minnesota,"Agriculture, Forestry, Fishing and Hunting",482,511,498,533,533
460,Minnesota,"Mining, Quarrying, and Oil and Gas Extraction",137,129,138,134,138
461,Minnesota,Utilities,124,127,121,121,124
462,Minnesota,Construction,15855,15873,16012,16132,16221
463,Minnesota,Manufacturing,6745,6659,6673,6694,6618
464,Minnesota,Wholesale Trade,6901,6789,6688,6583,6516
465,Minnesota,Retail Trade,12405,12343,12191,12079,12007
466,Minnesota,Transportation and Warehousing,4143,4152,4135,4184,4202
467,Minnesota,Information,1631,1609,1646,1620,1605
468,Minnesota,Finance and Insurance,5938,5940,5975,5966,6006
469,Minnesota,Real Estate and Rental and Leasing,5038,5168,5151,5289,5456
470,Minnesota,"Professional, Scientific, and Technical Services",15590,15655,15735,15847,15855
471,Minnesota,Management of Companies and Enterprises,795,774,775,800,805
472,Minnesota,Administrative and Support and Waste Management and Remediation Services,6480,6466,6509,6544,6658
473,Minnesota,Educational Services,1751,1775,1770,1824,1840
474,Minnesota,Health Care and Social Assistance,9929,10031,10091,10213,10246
475,Minnesota,"Arts, Entertainment, and Recreation",2582,2617,2658,2697,2739
476,Minnesota,Accommodation and Food Services,8449,8457,8425,8506,8583
477,Minnesota,Other Services (except Public Administration),14044,14192,14286,14371,14579
478,Minnesota,Industries not classified,98,205,261,346,266
479,Mississippi,"Agriculture, Forestry, Fishing and Hunting",681,667,648,673,658
480,Mississippi,"Mining, Quarrying, and Oil and Gas Extraction",357,352,349,333,287
481,Mississippi,Utilities,364,360,358,358,358
482,Mississippi,Construction,3888,3802,3758,3749,3746
483,Mississippi,Manufacturing,2000,1931,1922,1868,1887
484,Mississippi,Wholesale Trade,2266,2237,2176,2149,2123
485,Mississippi,Retail Trade,7369,7329,7298,7262,7267
486,Mississippi,Transportation and Warehousing,1733,1727,1723,1774,1755
487,Mississippi,Information,388,393,394,407,415
488,Mississippi,Finance and Insurance,2234,2230,2230,2234,2222
489,Mississippi,Real Estate and Rental and Leasing,1833,1820,1869,1870,1898
490,Mississippi,"Professional, Scientific, and Technical Services",4322,4306,4298,4253,4185
491,Mississippi,Management of Companies and Enterprises,252,256,256,260,251
492,Mississippi,Administrative and Support and Waste Management and Remediation Services,1955,1909,1911,1929,1938
493,Mississippi,Educational Services,484,491,497,497,508
494,Mississippi,Health Care and Social Assistance,4866,4856,4794,4792,4769
495,Mississippi,"Arts, Entertainment, and Recreation",631,619,636,621,657
496,Mississippi,Accommodation and Food Services,3734,3798,3911,3965,4041
497,Mississippi,Other Services (except Public Administration),6058,6078,6043,6012,6041
498,Mississippi,Industries not classified,53,84,108,131,112
499,Missouri,"Agriculture, Forestry, Fishing and Hunting",257,267,261,277,283
500,Missouri,"Mining, Quarrying, and Oil and Gas Extraction",166,164,168,163,162
501,Missouri,Utilities,109,110,104,104,108
502,Missouri,Construction,12958,12852,12821,12900,13110
503,Missouri,Manufacturing,5598,5465,5444,5397,5325
504,Missouri,Wholesale Trade,6450,6343,6242,6156,6095
505,Missouri,Retail Trade,12902,12779,12602,12564,12412
506,Missouri,Transportation and Warehousing,3917,3891,3930,4084,4050
507,Missouri,Information,1228,1254,1244,1232,1248
508,Missouri,Finance and Insurance,5672,5614,5650,5646,5652
509,Missouri,Real Estate and Rental and Leasing,4882,4890,4868,4938,5009
510,Missouri,"Professional, Scientific, and Technical Services",12228,12242,12224,12477,12570
511,Missouri,Management of Companies and Enterprises,807,806,806,804,798
512,Missouri,Administrative and Support and Waste Management and Remediation Services,6494,6483,6571,6667,6633
513,Missouri,Educational Services,1401,1430,1416,1467,1485
514,Missouri,Health Care and Social Assistance,14552,18316,21461,24238,25926
515,Missouri,"Arts, Entertainment, and Recreation",1956,1962,1967,1994,2047
516,Missouri,Accommodation and Food Services,8924,8936,8984,9021,9019
517,Missouri,Other Services (except Public Administration),14346,14211,14154,14215,14381
518,Missouri,Industries not classified,905,1354,1586,2063,1751
519,Montana,"Agriculture, Forestry, Fishing and Hunting",371,353,341,353,347
520,Montana,"Mining, Quarrying, and Oil and Gas Extraction",362,374,393,370,335
521,Montana,Utilities,83,82,87,85,85
522,Montana,Construction,4831,4909,5055,5253,5284
523,Montana,Manufacturing,1211,1204,1224,1250,1263
524,Montana,Wholesale Trade,1201,1201,1198,1195,1185
525,Montana,Retail Trade,3664,3639,3603,3614,3602
526,Montana,Transportation and Warehousing,1301,1276,1238,1226,1189
527,Montana,Information,386,404,412,412,421
528,Montana,Finance and Insurance,1232,1242,1225,1230,1237
529,Montana,Real Estate and Rental and Leasing,1587,1581,1639,1711,1779
530,Montana,"Professional, Scientific, and Technical Services",3390,3443,3438,3496,3516
531,Montana,Management of Companies and Enterprises,114,123,121,120,122
532,Montana,Administrative and Support and Waste Management and Remediation Services,1597,1617,1633,1660,1699
533,Montana,Educational Services,340,367,366,377,381
534,Montana,Health Care and Social Assistance,2929,2923,2911,2939,3002
535,Montana,"Arts, Entertainment, and Recreation",988,1011,1042,1067,1070
536,Montana,Accommodation and Food Services,3117,3128,3132,3128,3138
537,Montana,Other Services (except Public Administration),2982,3057,3032,3013,3072
538,Montana,Industries not classified,38,48,67,77,75
539,Nebraska,"Agriculture, Forestry, Fishing and Hunting",172,174,179,185,187
540,Nebraska,"Mining, Quarrying, and Oil and Gas Extraction",113,107,114,112,105
541,Nebraska,Utilities,31,32,33,34,34
542,Nebraska,Construction,5799,5916,6083,6193,6302
543,Nebraska,Manufacturing,1687,1622,1624,1614,1596
544,Nebraska,Wholesale Trade,2270,2243,2245,2236,2233
545,Nebraska,Retail Trade,4929,4880,4861,4843,4782
546,Nebraska,Transportation and Warehousing,2082,2082,2119,2176,2189
547,Nebraska,Information,559,541,541,529,532
548,Nebraska,Finance and Insurance,2518,2526,2547,2557,2546
549,Nebraska,Real Estate and Rental and Leasing,1733,1738,1766,1835,1934
550,Nebraska,"Professional, Scientific, and Technical Services",4137,4202,4185,4303,4358
551,Nebraska,Management of Companies and Enterprises,277,274,277,290,293
552,Nebraska,Administrative and Support and Waste Management and Remediation Services,2340,2324,2310,2363,2417
553,Nebraska,Educational Services,475,493,496,504,514
554,Nebraska,Health Care and Social Assistance,4228,4256,4304,4344,4415
555,Nebraska,"Arts, Entertainment, and Recreation",801,833,832,838,859
556,Nebraska,Accommodation and Food Services,3337,3353,3405,3398,3440
557,Nebraska,Other Services (except Public Administration),5285,5319,5320,5351,5417
558,Nebraska,Industries not classified,46,71,91,119,94
559,Nevada,"Agriculture, Forestry, Fishing and Hunting",53,46,47,53,56
560,Nevada,"Mining, Quarrying, and Oil and Gas Extraction",229,213,198,198,183
561,Nevada,Utilities,49,52,54,54,50
562,Nevada,Construction,4475,4481,4560,4710,4763
563,Nevada,Manufacturing,1651,1646,1696,1737,1771
564,Nevada,Wholesale Trade,2625,2596,2616,2616,2605
565,Nevada,Retail Trade,4792,4904,4996,5098,5151
566,Nevada,Transportation and Warehousing,1198,1207,1291,1343,1325
567,Nevada,Information,829,844,879,895,932
568,Nevada,Finance and Insurance,2511,2459,2513,2600,2582
569,Nevada,Real Estate and Rental and Leasing,3153,3235,3343,3447,3545
570,Nevada,"Professional, Scientific, and Technical Services",7604,7794,7914,8167,8328
571,Nevada,Management of Companies and Enterprises,430,423,424,413,402
572,Nevada,Administrative and Support and Waste Management and Remediation Services,3637,3790,3829,3900,4029
573,Nevada,Educational Services,605,630,646,674,680
574,Nevada,Health Care and Social Assistance,5392,5467,5594,5733,5880
575,Nevada,"Arts, Entertainment, and Recreation",1155,1209,1224,1276,1353
576,Nevada,Accommodation and Food Services,4008,4130,4273,4421,4611
577,Nevada,Other Services (except Public Administration),3751,3810,3808,3931,4051
578,Nevada,Industries not classified,52,93,107,118,111
579,New Hampshire,"Agriculture, Forestry, Fishing and Hunting",137,143,139,141,140
580,New Hampshire,"Mining, Quarrying, and Oil and Gas Extraction",38,38,42,44,47
581,New Hampshire,Utilities,42,47,47,46,43
582,New Hampshire,Construction,3807,3811,3810,3913,3981
583,New Hampshire,Manufacturing,1766,1723,1722,1706,1724
584,New Hampshire,Wholesale Trade,1673,1652,1645,1629,1620
585,New Hampshire,Retail Trade,4015,3924,3870,3877,3799
586,New Hampshire,Transportation and Warehousing,731,722,715,712,711
587,New Hampshire,Information,467,462,460,453,449
588,New Hampshire,Finance and Insurance,1015,1001,998,1015,1031
589,New Hampshire,Real Estate and Rental and Leasing,1154,1130,1133,1143,1165
590,New Hampshire,"Professional, Scientific, and Technical Services",3645,3589,3550,3536,3487
591,New Hampshire,Management of Companies and Enterprises,155,157,166,168,164
592,New Hampshire,Administrative and Support and Waste Management and Remediation Services,2039,2075,2073,2115,2138
593,New Hampshire,Educational Services,541,556,568,588,579
594,New Hampshire,Health Care and Social Assistance,2663,2651,2622,2621,2596
595,New Hampshire,"Arts, Entertainment, and Recreation",689,694,727,746,765
596,New Hampshire,Accommodation and Food Services,2955,3015,3017,3050,3048
597,New Hampshire,Other Services (except Public Administration),3386,3405,3447,3443,3521
598,New Hampshire,Industries not classified,22,44,63,67,68
599,New Jersey,"Agriculture, Forestry, Fishing and Hunting",226,223,205,202,210
600,New Jersey,"Mining, Quarrying, and Oil and Gas Extraction",65,64,65,65,71
601,New Jersey,Utilities,101,105,102,97,98
602,New Jersey,Construction,20005,20614,20829,20973,21282
603,New Jersey,Manufacturing,7450,7289,7222,7100,7001
604,New Jersey,Wholesale Trade,13425,13215,12895,12709,12510
605,New Jersey,Retail Trade,22519,22495,22407,22219,22062
606,New Jersey,Transportation and Warehousing,6246,6408,6461,6630,6639
607,New Jersey,Information,2032,2015,2017,1984,1993
608,New Jersey,Finance and Insurance,6179,6169,6179,6162,6125
609,New Jersey,Real Estate and Rental and Leasing,7075,7117,7140,7229,7399
610,New Jersey,"Professional, Scientific, and Technical Services",27936,28144,27936,27683,27516
611,New Jersey,Management of Companies and Enterprises,927,927,929,928,935
612,New Jersey,Administrative and Support and Waste Management and Remediation Services,12243,12409,12488,12376,12466
613,New Jersey,Educational Services,3302,3402,3424,3538,3573
614,New Jersey,Health Care and Social Assistance,22041,22037,21833,21721,21599
615,New Jersey,"Arts, Entertainment, and Recreation",3226,3246,3280,3360,3372
616,New Jersey,Accommodation and Food Services,17391,17671,17822,17951,18205
617,New Jersey,Other Services (except Public Administration),22221,22381,22480,22644,22837
618,New Jersey,Industries not classified,151,287,340,388,337
619,New Mexico,"Agriculture, Forestry, Fishing and Hunting",96,89,84,88,95
620,New Mexico,"Mining, Quarrying, and Oil and Gas Extraction",625,639,695,690,635
621,New Mexico,Utilities,149,145,145,142,133
622,New Mexico,Construction,4317,4301,4251,4244,4289
623,New Mexico,Manufacturing,1364,1317,1309,1318,1310
624,New Mexico,Wholesale Trade,1618,1562,1516,1506,1464
625,New Mexico,Retail Trade,4132,4083,4013,3971,3880
626,New Mexico,Transportation and Warehousing,1163,1170,1150,1199,1125
627,New Mexico,Information,458,447,440,434,425
628,New Mexico,Finance and Insurance,1482,1466,1477,1435,1409
629,New Mexico,Real Estate and Rental and Leasing,1834,1852,1857,1852,1859
630,New Mexico,"Professional, Scientific, and Technical Services",4334,4328,4293,4280,4208
631,New Mexico,Management of Companies and Enterprises,177,179,183,190,192
632,New Mexico,Administrative and Support and Waste Management and Remediation Services,1671,1667,1657,1653,1689
633,New Mexico,Educational Services,588,545,549,549,557
634,New Mexico,Health Care and Social Assistance,3996,3990,3976,3962,3991
635,New Mexico,"Arts, Entertainment, and Recreation",621,636,652,639,657
636,New Mexico,Accommodation and Food Services,3044,3120,3101,3111,3129
637,New Mexico,Other Services (except Public Administration),3861,3814,3824,3780,3807
638,New Mexico,Industries not classified,25,54,76,68,68
639,New York,"Agriculture, Forestry, Fishing and Hunting",601,597,577,591,588
640,New York,"Mining, Quarrying, and Oil and Gas Extraction",261,255,256,246,249
641,New York,Utilities,188,205,206,210,208
642,New York,Construction,44745,45746,46162,47179,48149
643,New York,Manufacturing,15866,15527,15441,15304,15042
644,New York,Wholesale Trade,30030,29897,29688,29149,28719
645,New York,Retail Trade,58305,58862,59177,59241,59235
646,New York,Transportation and Warehousing,10977,11014,11246,11415,11473
647,New York,Information,7480,7579,7722,7824,7963
648,New York,Finance and Insurance,15820,15767,15726,15622,15510
649,New York,Real Estate and Rental and Leasing,28774,29082,29428,29857,30074
650,New York,"Professional, Scientific, and Technical Services",56231,57142,57710,57910,58088
651,New York,Management of Companies and Enterprises,1821,1845,1867,1865,1884
652,New York,Administrative and Support and Waste Management and Remediation Services,23627,23948,24174,24489,24727
653,New York,Educational Services,7092,7329,7357,7493,7596
654,New York,Health Care and Social Assistance,44862,44810,44756,44508,44379
655,New York,"Arts, Entertainment, and Recreation",10885,11094,11376,11675,11848
656,New York,Accommodation and Food Services,43705,44851,45416,46020,46874
657,New York,Other Services (except Public Administration),52562,53445,54039,54835,55425
658,New York,Industries not classified,496,851,1109,1374,1244
659,North Carolina,"Agriculture, Forestry, Fishing and Hunting",786,778,781,784,784
660,North Carolina,"Mining, Quarrying, and Oil and Gas Extraction",123,113,115,115,113
661,North Carolina,Utilities,153,155,151,150,151
662,North Carolina,Construction,20691,20531,20744,21346,21968
663,North Carolina,Manufacturing,8008,7858,7813,7821,7763
664,North Carolina,Wholesale Trade,9501,9378,9209,9144,9084
665,North Carolina,Retail Trade,20050,19905,19825,19910,20040
666,North Carolina,Transportation and Warehousing,4544,4572,4671,4891,4987
667,North Carolina,Information,1771,1798,1819,1880,1878
668,North Carolina,Finance and Insurance,6325,6305,6374,6554,6591
669,North Carolina,Real Estate and Rental and Leasing,7429,7682,7914,8303,8671
670,North Carolina,"Professional, Scientific, and Technical Services",21085,21298,21475,21859,22301
671,North Carolina,Management of Companies and Enterprises,1002,994,1003,999,999
672,North Carolina,Administrative and Support and Waste Management and Remediation Services,10194,10288,10441,10584,10873
673,North Carolina,Educational Services,2400,2430,2518,2617,2710
674,North Carolina,Health Care and Social Assistance,17176,17054,16900,16908,17038
675,North Carolina,"Arts, Entertainment, and Recreation",3297,3317,3359,3438,3521
676,North Carolina,Accommodation and Food Services,14009,14222,14313,14594,14967
677,North Carolina,Other Services (except Public Administration),20921,21101,21154,21493,21976
678,North Carolina,Industries not classified,149,304,437,579,452
679,North Dakota,"Agriculture, Forestry, Fishing and Hunting",125,124,113,110,110
680,North Dakota,"Mining, Quarrying, and Oil and Gas Extraction",411,438,486,455,440
681,North Dakota,Utilities,42,47,53,57,50
682,North Dakota,Construction,2887,2983,3043,3078,2975
683,North Dakota,Manufacturing,677,661,693,685,658
684,North Dakota,Wholesale Trade,1103,1135,1132,1133,1132
685,North Dakota,Retail Trade,2307,2298,2291,2272,2252
686,North Dakota,Transportation and Warehousing,1488,1527,1551,1488,1325
687,North Dakota,Information,232,229,225,223,227
688,North Dakota,Finance and Insurance,1087,1075,1071,1084,1077
689,North Dakota,Real Estate and Rental and Leasing,824,881,921,932,912
690,North Dakota,"Professional, Scientific, and Technical Services",1598,1645,1697,1750,1695
691,North Dakota,Management of Companies and Enterprises,94,91,98,102,110
692,North Dakota,Administrative and Support and Waste Management and Remediation Services,907,918,976,1012,1002
693,North Dakota,Educational Services,146,154,149,154,156
694,North Dakota,Health Care and Social Assistance,1486,1514,1546,1562,1581
695,North Dakota,"Arts, Entertainment, and Recreation",382,391,396,401,413
696,North Dakota,Accommodation and Food Services,1674,1704,1744,1773,1790
697,North Dakota,Other Services (except Public Administration),2351,2370,2427,2394,2388
698,North Dakota,Industries not classified,22,36,42,57,47
699,Ohio,"Agriculture, Forestry, Fishing and Hunting",269,273,266,267,276
700,Ohio,"Mining, Quarrying, and Oil and Gas Extraction",583,578,593,593,577
701,Ohio,Utilities,162,166,167,174,164
702,Ohio,Construction,19427,19234,19293,19416,19410
703,Ohio,Manufacturing,13045,12777,12746,12660,12507
704,Ohio,Wholesale Trade,11221,11140,11024,10890,10665
705,Ohio,Retail Trade,20721,20501,20253,20176,20005
706,Ohio,Transportation and Warehousing,5719,5719,5778,5928,5891
707,Ohio,Information,1715,1716,1718,1709,1777
708,Ohio,Finance and Insurance,8336,8227,8163,8109,8082
709,Ohio,Real Estate and Rental and Leasing,6863,6962,7008,7105,7275
710,Ohio,"Professional, Scientific, and Technical Services",21901,21820,21723,21606,21494
711,Ohio,Management of Companies and Enterprises,1324,1300,1291,1309,1333
712,Ohio,Administrative and Support and Waste Management and Remediation Services,11183,11176,11230,11221,11248
713,Ohio,Educational Services,2643,2665,2639,2700,2700
714,Ohio,Health Care and Social Assistance,20068,19975,19830,19706,19448
715,Ohio,"Arts, Entertainment, and Recreation",3576,3525,3505,3517,3565
716,Ohio,Accommodation and Food Services,16671,16827,16830,16908,17024
717,Ohio,Other Services (except Public Administration),24864,24685,24637,24603,24507
718,Ohio,Industries not classified,153,266,351,403,347
719,Oklahoma,"Agriculture, Forestry, Fishing and Hunting",153,156,150,164,162
720,Oklahoma,"Mining, Quarrying, and Oil and Gas Extraction",2791,2763,2889,2817,2567
721,Oklahoma,Utilities,138,128,134,127,127
722,Oklahoma,Construction,7832,8030,8121,8101,8157
723,Oklahoma,Manufacturing,3304,3238,3237,3184,3088
724,Oklahoma,Wholesale Trade,3698,3696,3712,3634,3567
725,Oklahoma,Retail Trade,8301,8413,8385,8344,8148
726,Oklahoma,Transportation and Warehousing,2233,2256,2243,2273,2233
727,Oklahoma,Information,777,773,759,753,745
728,Oklahoma,Finance and Insurance,3971,3987,3971,3982,3995
729,Oklahoma,Real Estate and Rental and Leasing,3248,3291,3369,3416,3442
730,Oklahoma,"Professional, Scientific, and Technical Services",8858,8948,9049,9074,8901
731,Oklahoma,Management of Companies and Enterprises,432,441,457,453,457
732,Oklahoma,Administrative and Support and Waste Management and Remediation Services,3968,4000,4005,3972,3990
733,Oklahoma,Educational Services,677,683,683,708,724
734,Oklahoma,Health Care and Social Assistance,8320,8324,8329,8410,8373
735,Oklahoma,"Arts, Entertainment, and Recreation",959,965,988,1031,1053
736,Oklahoma,Accommodation and Food Services,5216,5289,5330,5463,5604
737,Oklahoma,Other Services (except Public Administration),8300,8351,8343,8381,8427
738,Oklahoma,Industries not classified,61,96,108,142,120
739,Oregon,"Agriculture, Forestry, Fishing and Hunting",1268,1276,1277,1302,1307
740,Oregon,"Mining, Quarrying, and Oil and Gas Extraction",118,116,113,117,113
741,Oregon,Utilities,128,132,124,123,125
742,Oregon,Construction,10878,11070,11242,11680,12120
743,Oregon,Manufacturing,4970,4913,4997,5121,5174
744,Oregon,Wholesale Trade,4466,4430,4373,4397,4367
745,Oregon,Retail Trade,9241,9252,9325,9452,9472
746,Oregon,Transportation and Warehousing,2578,2547,2590,2652,2712
747,Oregon,Information,1264,1269,1300,1335,1397
748,Oregon,Finance and Insurance,3244,3223,3294,3309,3341
749,Oregon,Real Estate and Rental and Leasing,4546,4670,4755,4985,5177
750,Oregon,"Professional, Scientific, and Technical Services",11139,11220,11283,11428,11733
751,Oregon,Management of Companies and Enterprises,512,526,517,520,526
752,Oregon,Administrative and Support and Waste Management and Remediation Services,4751,4820,4883,5044,5220
753,Oregon,Educational Services,1320,1361,1395,1439,1480
754,Oregon,Health Care and Social Assistance,9738,9857,9940,10081,10206
755,Oregon,"Arts, Entertainment, and Recreation",1553,1629,1660,1724,1771
756,Oregon,Accommodation and Food Services,8474,8626,8649,8840,9073
757,Oregon,Other Services (except Public Administration),8806,8889,9045,9167,9364
758,Oregon,Industries not classified,96,212,347,370,332
759,Pennsylvania,"Agriculture, Forestry, Fishing and Hunting",486,480,478,501,486
760,Pennsylvania,"Mining, Quarrying, and Oil and Gas Extraction",872,841,882,859,824
761,Pennsylvania,Utilities,201,195,198,197,207
762,Pennsylvania,Construction,25876,25882,25938,26138,26330
763,Pennsylvania,Manufacturing,12796,12554,12506,12466,12383
764,Pennsylvania,Wholesale Trade,12269,12078,11918,11701,11452
765,Pennsylvania,Retail Trade,26523,26428,26074,25975,25830
766,Pennsylvania,Transportation and Warehousing,6837,6829,6962,7082,7118
767,Pennsylvania,Information,2534,2505,2459,2435,2474
768,Pennsylvania,Finance and Insurance,9131,9130,9184,9181,9211
769,Pennsylvania,Real Estate and Rental and Leasing,6818,6960,7030,7200,7348
770,Pennsylvania,"Professional, Scientific, and Technical Services",26963,27058,27121,27164,27117
771,Pennsylvania,Management of Companies and Enterprises,1400,1404,1422,1418,1417
772,Pennsylvania,Administrative and Support and Waste Management and Remediation Services,13007,13069,13048,13247,13410
773,Pennsylvania,Educational Services,3234,3292,3314,3395,3427
774,Pennsylvania,Health Care and Social Assistance,24436,24083,23917,23727,23682
775,Pennsylvania,"Arts, Entertainment, and Recreation",4167,4231,4274,4361,4456
776,Pennsylvania,Accommodation and Food Services,22254,22567,22634,22723,22881
777,Pennsylvania,Other Services (except Public Administration),33359,33505,33604,33620,33674
778,Pennsylvania,Industries not classified,124,235,390,492,428
779,Rhode Island,"Agriculture, Forestry, Fishing and Hunting",42,44,39,38,39
780,Rhode Island,"Mining, Quarrying, and Oil and Gas Extraction",17,16,19,18,15
781,Rhode Island,Utilities,18,17,18,17,18
782,Rhode Island,Construction,2931,2925,2950,3035,3111
783,Rhode Island,Manufacturing,1477,1408,1403,1363,1336
784,Rhode Island,Wholesale Trade,1287,1254,1246,1237,1235
785,Rhode Island,Retail Trade,2847,2825,2807,2809,2769
786,Rhode Island,Transportation and Warehousing,570,570,563,594,644
787,Rhode Island,Information,266,277,283,266,286
788,Rhode Island,Finance and Insurance,791,769,786,796,823
789,Rhode Island,Real Estate and Rental and Leasing,871,890,882,896,907
790,Rhode Island,"Professional, Scientific, and Technical Services",2884,2872,2861,2906,2895
791,Rhode Island,Management of Companies and Enterprises,118,123,125,127,126
792,Rhode Island,Administrative and Support and Waste Management and Remediation Services,1570,1608,1596,1634,1662
793,Rhode Island,Educational Services,386,398,398,390,380
794,Rhode Island,Health Care and Social Assistance,2415,2420,2390,2391,2344
795,Rhode Island,"Arts, Entertainment, and Recreation",490,503,488,512,504
796,Rhode Island,Accommodation and Food Services,2551,2577,2606,2629,2650
797,Rhode Island,Other Services (except Public Administration),2743,2721,2735,2733,2755
798,Rhode Island,Industries not classified,27,40,53,60,49
799,South Carolina,"Agriculture, Forestry, Fishing and Hunting",498,492,496,507,514
800,South Carolina,"Mining, Quarrying, and Oil and Gas Extraction",57,55,56,54,55
801,South Carolina,Utilities,89,89,89,83,88
802,South Carolina,Construction,8548,8589,8737,8933,9251
803,South Carolina,Manufacturing,3468,3446,3416,3403,3390
804,South Carolina,Wholesale Trade,4056,4013,3954,3905,3820
805,South Carolina,Retail Trade,10461,10521,10432,10426,10395
806,South Carolina,Transportation and Warehousing,2096,2076,2085,2147,2229
807,South Carolina,Information,689,688,679,706,745
808,South Carolina,Finance and Insurance,3181,3184,3248,3295,3334
809,South Carolina,Real Estate and Rental and Leasing,3671,3783,3917,4112,4328
810,South Carolina,"Professional, Scientific, and Technical Services",8932,9081,9118,9347,9579
811,South Carolina,Management of Companies and Enterprises,421,431,426,430,430
812,South Carolina,Administrative and Support and Waste Management and Remediation Services,4843,4804,4896,4999,5107
813,South Carolina,Educational Services,1044,1061,1078,1093,1094
814,South Carolina,Health Care and Social Assistance,7505,7488,7518,7534,7602
815,South Carolina,"Arts, Entertainment, and Recreation",1393,1422,1446,1478,1541
816,South Carolina,Accommodation and Food Services,7282,7337,7355,7536,7677
817,South Carolina,Other Services (except Public Administration),10436,10421,10510,10581,10684
818,South Carolina,Industries not classified,88,121,177,238,220
819,South Dakota,"Agriculture, Forestry, Fishing and Hunting",142,147,134,148,147
820,South Dakota,"Mining, Quarrying, and Oil and Gas Extraction",54,54,55,57,60
821,South Dakota,Utilities,69,70,69,70,69
822,South Dakota,Construction,3119,3192,3244,3339,3354
823,South Dakota,Manufacturing,942,930,944,957,947
824,South Dakota,Wholesale Trade,1104,1110,1107,1091,1094
825,South Dakota,Retail Trade,2905,2897,2872,2891,2864
826,South Dakota,Transportation and Warehousing,1061,1096,1085,1100,1120
827,South Dakota,Information,284,300,312,310,303
828,South Dakota,Finance and Insurance,1209,1212,1221,1240,1228
829,South Dakota,Real Estate and Rental and Leasing,828,837,881,903,937
830,South Dakota,"Professional, Scientific, and Technical Services",1736,1812,1796,1816,1821
831,South Dakota,Management of Companies and Enterprises,127,129,133,132,128
832,South Dakota,Administrative and Support and Waste Management and Remediation Services,1017,1020,1021,1029,1070
833,South Dakota,Educational Services,214,220,222,230,229
834,South Dakota,Health Care and Social Assistance,1758,1757,1777,1778,1782
835,South Dakota,"Arts, Entertainment, and Recreation",630,620,636,639,634
836,South Dakota,Accommodation and Food Services,2020,2023,2058,2064,2068
837,South Dakota,Other Services (except Public Administration),2618,2623,2640,2625,2656
838,South Dakota,Industries not classified,24,41,42,52,45
839,Tennessee,"Agriculture, Forestry, Fishing and Hunting",239,234,232,238,235
840,Tennessee,"Mining, Quarrying, and Oil and Gas Extraction",126,131,126,114,121
841,Tennessee,Utilities,58,58,60,57,59
842,Tennessee,Construction,9144,9151,9095,9276,9539
843,Tennessee,Manufacturing,5301,5144,5110,5096,5157
844,Tennessee,Wholesale Trade,5432,5372,5306,5234,5175
845,Tennessee,Retail Trade,13651,13494,13460,13476,13516
846,Tennessee,Transportation and Warehousing,3049,2979,3016,3032,3076
847,Tennessee,Information,1397,1378,1395,1429,1486
848,Tennessee,Finance and Insurance,4411,4394,4409,4440,4506
849,Tennessee,Real Estate and Rental and Leasing,3785,3798,3839,3931,3977
850,Tennessee,"Professional, Scientific, and Technical Services",9916,9931,10015,10071,10110
851,Tennessee,Management of Companies and Enterprises,741,738,745,739,755
852,Tennessee,Administrative and Support and Waste Management and Remediation Services,5399,5450,5470,5576,5663
853,Tennessee,Educational Services,1179,1230,1236,1269,1282
854,Tennessee,Health Care and Social Assistance,11012,10939,10783,10660,10570
855,Tennessee,"Arts, Entertainment, and Recreation",2223,2279,2274,2407,2478
856,Tennessee,Accommodation and Food Services,8142,8297,8328,8547,8842
857,Tennessee,Other Services (except Public Administration),12916,12972,12961,12971,13058
858,Tennessee,Industries not classified,87,150,226,311,276
859,Texas,"Agriculture, Forestry, Fishing and Hunting",1005,1019,984,1021,1037
860,Texas,"Mining, Quarrying, and Oil and Gas Extraction",6982,7034,7389,7268,6668
861,Texas,Utilities,980,976,986,972,986
862,Texas,Construction,37630,38476,39538,40931,42051
863,Texas,Manufacturing,17653,17456,17582,17594,17457
864,Texas,Wholesale Trade,25302,25505,25553,25695,25509
865,Texas,Retail Trade,44274,44927,45438,45810,45947
866,Texas,Transportation and Warehousing,13070,13455,13977,14674,14817
867,Texas,Information,4534,4512,4524,4601,4762
868,Texas,Finance and Insurance,19174,19296,19538,19919,20029
869,Texas,Real Estate and Rental and Leasing,19068,19607,20251,20951,21643
870,Texas,"Professional, Scientific, and Technical Services",57154,58592,60473,61770,62208
871,Texas,Management of Companies and Enterprises,2524,2544,2559,2644,2659
872,Texas,Administrative and Support and Waste Management and Remediation Services,21874,22148,22500,22811,23308
873,Texas,Educational Services,5507,5717,5872,6089,6380
874,Texas,Health Care and Social Assistance,50072,50772,51439,52501,53267
875,Texas,"Arts, Entertainment, and Recreation",5638,5818,5949,6273,6530
876,Texas,Accommodation and Food Services,33278,34412,34985,36209,37554
877,Texas,Other Services (except Public Administration),43991,44605,45014,45648,46495
878,Texas,Industries not classified,514,797,1057,1268,1043
879,Utah,"Agriculture, Forestry, Fishing and Hunting",75,80,81,91,91
880,Utah,"Mining, Quarrying, and Oil and Gas Extraction",461,451,483,442,383
881,Utah,Utilities,83,79,79,83,85
882,Utah,Construction,8145,8325,8538,8796,9091
883,Utah,Manufacturing,3042,3051,3068,3152,3193
884,Utah,Wholesale Trade,3150,3158,3194,3148,3126
885,Utah,Retail Trade,5906,5986,6105,6329,6603
886,Utah,Transportation and Warehousing,1962,2007,2039,2088,2068
887,Utah,Information,978,977,1042,1076,1112
888,Utah,Finance and Insurance,3143,3181,3237,3309,3354
889,Utah,Real Estate and Rental and Leasing,3932,4159,4330,4474,4701
890,Utah,"Professional, Scientific, and Technical Services",8621,8915,9203,9571,9937
891,Utah,Management of Companies and Enterprises,357,364,356,382,379
892,Utah,Administrative and Support and Waste Management and Remediation Services,3694,3780,3765,3884,3976
893,Utah,Educational Services,952,989,987,1040,1069
894,Utah,Health Care and Social Assistance,6171,6330,6400,6529,6577
895,Utah,"Arts, Entertainment, and Recreation",894,942,1005,1026,1078
896,Utah,Accommodation and Food Services,3703,3753,3865,3922,4032
897,Utah,Other Services (except Public Administration),4176,4250,4353,4437,4553
898,Utah,Industries not classified,36,63,71,117,94
899,Vermont,"Agriculture, Forestry, Fishing and Hunting",138,140,140,142,137
900,Vermont,"Mining, Quarrying, and Oil and Gas Extraction",43,43,40,38,39
901,Vermont,Utilities,26,25,24,27,29
902,Vermont,Construction,2684,2685,2641,2693,2700
903,Vermont,Manufacturing,966,941,943,952,967
904,Vermont,Wholesale Trade,743,724,719,727,706
905,Vermont,Retail Trade,2580,2493,2467,2424,2358
906,Vermont,Transportation and Warehousing,435,436,449,434,441
907,Vermont,Information,362,365,371,374,374
908,Vermont,Finance and Insurance,515,498,499,488,481
909,Vermont,Real Estate and Rental and Leasing,665,674,671,666,660
910,Vermont,"Professional, Scientific, and Technical Services",2065,2049,2029,2041,2065
911,Vermont,Management of Companies and Enterprises,77,79,79,77,73
912,Vermont,Administrative and Support and Waste Management and Remediation Services,1016,1035,1044,1055,1099
913,Vermont,Educational Services,345,349,361,365,375
914,Vermont,Health Care and Social Assistance,1695,1703,1680,1673,1659
915,Vermont,"Arts, Entertainment, and Recreation",438,441,443,457,475
916,Vermont,Accommodation and Food Services,1696,1738,1727,1722,1710
917,Vermont,Other Services (except Public Administration),1934,1937,1943,1941,1978
918,Vermont,Industries not classified,18,47,53,53,48
919,Virginia,"Agriculture, Forestry, Fishing and Hunting",669,656,652,672,663
920,Virginia,"Mining, Quarrying, and Oil and Gas Extraction",189,177,183,188,189
921,Virginia,Utilities,91,90,96,93,92
922,Virginia,Construction,18945,18852,18795,19031,19134
923,Virginia,Manufacturing,4656,4550,4560,4553,4563
924,Virginia,Wholesale Trade,5785,5705,5534,5421,5333
925,Virginia,Retail Trade,15824,15724,15568,15583,15443
926,Virginia,Transportation and Warehousing,4067,4058,4114,4142,4221
927,Virginia,Information,1951,1962,1993,2005,1995
928,Virginia,Finance and Insurance,5541,5553,5518,5554,5554
929,Virginia,Real Estate and Rental and Leasing,6282,6416,6477,6605,6869
930,Virginia,"Professional, Scientific, and Technical Services",25080,25326,25694,26190,26391
931,Virginia,Management of Companies and Enterprises,825,818,846,845,828
932,Virginia,Administrative and Support and Waste Management and Remediation Services,8971,9040,8990,8964,9092
933,Virginia,Educational Services,2591,2680,2717,2771,2783
934,Virginia,Health Care and Social Assistance,14252,14337,14400,14537,14711
935,Virginia,"Arts, Entertainment, and Recreation",2505,2588,2647,2677,2735
936,Virginia,Accommodation and Food Services,12205,12460,12622,12779,12929
937,Virginia,Other Services (except Public Administration),19599,19734,19791,20030,20258
938,Virginia,Industries not classified,137,310,456,533,433
939,Washington,"Agriculture, Forestry, Fishing and Hunting",1378,1389,1402,1388,1365
940,Washington,"Mining, Quarrying, and Oil and Gas Extraction",147,134,140,137,132
941,Washington,Utilities,193,195,186,183,184
942,Washington,Construction,19227,19720,20304,21179,22216
943,Washington,Manufacturing,6633,6569,6557,6644,6609
944,Washington,Wholesale Trade,7519,7503,7452,7443,7425
945,Washington,Retail Trade,14353,14392,14475,14579,14589
946,Washington,Transportation and Warehousing,4144,4206,4305,4422,4512
947,Washington,Information,2011,2061,2144,2116,2158
948,Washington,Finance and Insurance,4943,4931,4986,5015,4979
949,Washington,Real Estate and Rental and Leasing,7430,7598,7887,8230,8666
950,Washington,"Professional, Scientific, and Technical Services",18812,19072,19363,19841,20321
951,Washington,Management of Companies and Enterprises,742,726,737,755,784
952,Washington,Administrative and Support and Waste Management and Remediation Services,8131,8136,8255,8474,8683
953,Washington,Educational Services,2435,2480,2537,2655,2636
954,Washington,Health Care and Social Assistance,16209,16265,16330,16441,16545
955,Washington,"Arts, Entertainment, and Recreation",2549,2611,2641,2720,2769
956,Washington,Accommodation and Food Services,12969,13100,13091,13283,13620
957,Washington,Other Services (except Public Administration),15044,15137,15276,15525,15623
958,Washington,Industries not classified,193,375,559,675,565
959,West Virginia,"Agriculture, Forestry, Fishing and Hunting",224,222,248,272,271
960,West Virginia,"Mining, Quarrying, and Oil and Gas Extraction",502,482,496,476,440
961,West Virginia,Utilities,58,57,58,58,60
962,West Virginia,Construction,3326,3245,3196,3124,3100
963,West Virginia,Manufacturing,1146,1114,1099,1087,1050
964,West Virginia,Wholesale Trade,1221,1204,1163,1125,1096
965,West Virginia,Retail Trade,3745,3600,3522,3463,3364
966,West Virginia,Transportation and Warehousing,1061,1037,1033,1012,985
967,West Virginia,Information,273,270,261,259,253
968,West Virginia,Finance and Insurance,1131,1130,1131,1130,1133
969,West Virginia,Real Estate and Rental and Leasing,1134,1141,1123,1122,1105
970,West Virginia,"Professional, Scientific, and Technical Services",2665,2646,2617,2591,2517
971,West Virginia,Management of Companies and Enterprises,157,161,163,161,167
972,West Virginia,Administrative and Support and Waste Management and Remediation Services,1282,1284,1260,1279,1260
973,West Virginia,Educational Services,256,262,257,258,259
974,West Virginia,Health Care and Social Assistance,3428,3346,3290,3203,3150
975,West Virginia,"Arts, Entertainment, and Recreation",676,673,681,671,648
976,West Virginia,Accommodation and Food Services,2636,2653,2631,2601,2583
977,West Virginia,Other Services (except Public Administration),4177,4131,4112,4069,4049
978,West Virginia,Industries not classified,23,52,64,78,61
979,Wisconsin,"Agriculture, Forestry, Fishing and Hunting",544,532,518,548,547
980,Wisconsin,"Mining, Quarrying, and Oil and Gas Extraction",141,141,145,151,146
981,Wisconsin,Utilities,70,68,71,70,74
982,Wisconsin,Construction,13342,13227,13198,13336,13421
983,Wisconsin,Manufacturing,7970,7849,7865,7815,7737
984,Wisconsin,Wholesale Trade,5747,5628,5559,5542,5484
985,Wisconsin,Retail Trade,12405,12297,12186,12052,11943
986,Wisconsin,Transportation and Warehousing,4609,4538,4620,4732,4756
987,Wisconsin,Information,1088,1077,1066,1073,1092
988,Wisconsin,Finance and Insurance,4657,4658,4636,4682,4660
989,Wisconsin,Real Estate and Rental and Leasing,3637,3682,3729,3813,3911
990,Wisconsin,"Professional, Scientific, and Technical Services",10461,10496,10559,10632,10566
991,Wisconsin,Management of Companies and Enterprises,706,695,694,710,718
992,Wisconsin,Administrative and Support and Waste Management and Remediation Services,5720,5670,5728,5780,5849
993,Wisconsin,Educational Services,1426,1465,1486,1535,1559
994,Wisconsin,Health Care and Social Assistance,9880,9968,9926,10011,10061
995,Wisconsin,"Arts, Entertainment, and Recreation",2534,2559,2525,2587,2573
996,Wisconsin,Accommodation and Food Services,11565,11636,11677,11804,11841
997,Wisconsin,Other Services (except Public Administration),13677,13640,13545,13530,13566
998,Wisconsin,Industries not classified,216,271,310,325,303
999,Wyoming,"Agriculture, Forestry, Fishing and Hunting",98,88,87,90,87
1000,Wyoming,"Mining, Quarrying, and Oil and Gas Extraction",717,683,710,683,611
1001,Wyoming,Utilities,51,47,47,46,47
1002,Wyoming,Construction,2636,2627,2588,2639,2682
1003,Wyoming,Manufacturing,522,532,534,551,537
1004,Wyoming,Wholesale Trade,633,642,632,634,620
1005,Wyoming,Retail Trade,2014,1962,1939,1943,1930
1006,Wyoming,Transportation and Warehousing,816,788,820,791,747
1007,Wyoming,Information,213,220,223,218,226
1008,Wyoming,Finance and Insurance,645,627,643,671,654
1009,Wyoming,Real Estate and Rental and Leasing,950,973,1014,1026,1045
1010,Wyoming,"Professional, Scientific, and Technical Services",2083,2116,2153,2213,2189
1011,Wyoming,Management of Companies and Enterprises,74,79,73,78,79
1012,Wyoming,Administrative and Support and Waste Management and Remediation Services,920,938,938,971,980
1013,Wyoming,Educational Services,171,164,176,179,176
1014,Wyoming,Health Care and Social Assistance,1697,1706,1704,1750,1752
1015,Wyoming,"Arts, Entertainment, and Recreation",424,421,425,430,440
1016,Wyoming,Accommodation and Food Services,1576,1572,1579,1604,1568
1017,Wyoming,Other Services (except Public Administration),1764,1735,1735,1745,1738
1018,Wyoming,Industries not classified,33,51,59,79,68
